<?xml version="1.0" encoding="UTF-8"?>
<?mso-application progid="Excel.Sheet"?>
<Workbook xmlns="urn:schemas-microsoft-com:office:spreadsheet"
 xmlns:o="urn:schemas-microsoft-com:office:office"
 xmlns:x="urn:schemas-microsoft-com:office:excel"
 xmlns:ss="urn:schemas-microsoft-com:office:spreadsheet"
 xmlns:html="http://www.w3.org/TR/REC-html40">
 <OfficeDocumentSettings xmlns="urn:schemas-microsoft-com:office:office">
  <AllowPNG/>
 </OfficeDocumentSettings>
 <ExcelWorkbook xmlns="urn:schemas-microsoft-com:office:excel">
  <WindowHeight>8250</WindowHeight>
  <WindowWidth>16275</WindowWidth>
  <WindowTopX>360</WindowTopX>
  <WindowTopY>90</WindowTopY>
  <ProtectStructure>False</ProtectStructure>
  <ProtectWindows>False</ProtectWindows>
 </ExcelWorkbook>
 <Styles>
  <Style ss:ID="Default" ss:Name="Normal">
   <Alignment ss:Vertical="Bottom"/>
   <Borders/>
   <Font ss:FontName="Calibri" x:CharSet="238" x:Family="Swiss" ss:Size="11"
    ss:Color="#000000"/>
   <Interior/>
   <NumberFormat/>
   <Protection/>
  </Style>
  <Style ss:ID="s62">
   <NumberFormat ss:Format="General Date"/>
  </Style>
  <Style ss:ID="s65">
   <NumberFormat ss:Format="[h]:mm:ss"/>
  </Style>
 </Styles>
 <Worksheet ss:Name="Sheet1">
  <Table>

	<Column ss:AutoFitWidth="0" ss:Width="50"/>
	<Column ss:AutoFitWidth="0" ss:Width="84" ss:Span="1"/>
	<Column ss:AutoFitWidth="0" ss:Width="110"/>
	<Column ss:AutoFitWidth="0" ss:Width="110"/>
	<Column ss:AutoFitWidth="0" ss:Width="90"/>
	<Column ss:AutoFitWidth="0" ss:Width="90"/>
	<Column ss:AutoFitWidth="0" ss:Width="87"/>
	<Column ss:AutoFitWidth="0" ss:Width="57.75"/>
	<Column ss:AutoFitWidth="0" ss:Width="57.75"/>
	<Column ss:AutoFitWidth="0" ss:Width="100"/>
	<Column ss:AutoFitWidth="0" ss:Width="100"/>
	<Column ss:AutoFitWidth="0" ss:Width="80"/>
	<Column ss:AutoFitWidth="0" ss:Width="80"/>
	<Column ss:AutoFitWidth="0" ss:Width="80"/>
<Column ss:AutoFitWidth="0" ss:Width="80"/>
<Column ss:AutoFitWidth="0" ss:Width="80"/>
<Column ss:AutoFitWidth="0" ss:Width="80"/>

	<Row>
	<Cell><Data ss:Type="String">#</Data></Cell>
	<Cell><Data ss:Type="String">ID de seguimiento</Data></Cell>
	<Cell><Data ss:Type="String">Fecha</Data></Cell>
    <Cell><Data ss:Type="String">Actualizar</Data></Cell>
	<Cell><Data ss:Type="String">Nombre</Data></Cell>
	<Cell><Data ss:Type="String">E-mail</Data></Cell>
	<Cell><Data ss:Type="String">Categoria</Data></Cell>
	<Cell><Data ss:Type="String">Prioridad</Data></Cell>
	<Cell><Data ss:Type="String">Estado</Data></Cell>
	<Cell><Data ss:Type="String">Tema</Data></Cell>
	<Cell><Data ss:Type="String">Mensaje</Data></Cell>
	<Cell><Data ss:Type="String">Propietario</Data></Cell>
	<Cell><Data ss:Type="String">Tiempo Dedicado</Data></Cell>
	<Cell><Data ss:Type="String">Fuente</Data></Cell>
<Cell><Data ss:Type="String">Impacta a</Data></Cell>
<Cell><Data ss:Type="String">Escalado a</Data></Cell>
<Cell><Data ss:Type="String">Cuentas</Data></Cell>
</Row>

<Row>
<Cell><Data ss:Type="Number">3</Data></Cell>
<Cell><Data ss:Type="String"><![CDATA[W9P-5DX-W6SJ]]></Data></Cell>
<Cell ss:StyleID="s62"><Data ss:Type="DateTime">2017-03-16T14:53:20.000</Data></Cell>
<Cell ss:StyleID="s62"><Data ss:Type="DateTime">2017-03-16T14:53:20.000</Data></Cell>
<Cell><Data ss:Type="String"><![CDATA[ticket de prueba]]></Data></Cell>
<Cell><Data ss:Type="String"><![CDATA[correo@correo.com]]></Data></Cell>
<Cell><Data ss:Type="String"><![CDATA[General]]></Data></Cell>
<Cell><Data ss:Type="String"><![CDATA[ * Cr&iacute;tico * ]]></Data></Cell>
<Cell><Data ss:Type="String"><![CDATA[Nuevo]]></Data></Cell>
<Cell><Data ss:Type="String"><![CDATA[mal escalados]]></Data></Cell>
<Cell><Data ss:Type="String"><![CDATA[aquí el mensaje]]></Data></Cell>
<Cell><Data ss:Type="String"><![CDATA[]]></Data></Cell>
<Cell><Data ss:Type="String"><![CDATA[00:00:00]]></Data></Cell>
<Cell><Data ss:Type="String"><![CDATA[]]></Data></Cell>  
<Cell><Data ss:Type="String"><![CDATA[Service Desk]]></Data></Cell>  
<Cell><Data ss:Type="String"><![CDATA[doris groth]]></Data></Cell>  
<Cell><Data ss:Type="String"><![CDATA[0]]></Data></Cell>  
</Row>

<Row>
<Cell><Data ss:Type="Number">4</Data></Cell>
<Cell><Data ss:Type="String"><![CDATA[NGH-WT5-JA7Y]]></Data></Cell>
<Cell ss:StyleID="s62"><Data ss:Type="DateTime">2017-03-16T15:01:00.000</Data></Cell>
<Cell ss:StyleID="s62"><Data ss:Type="DateTime">2017-03-16T15:03:29.000</Data></Cell>
<Cell><Data ss:Type="String"><![CDATA[alarma error de informacion]]></Data></Cell>
<Cell><Data ss:Type="String"><![CDATA[doris.mamitarica@correo.com]]></Data></Cell>
<Cell><Data ss:Type="String"><![CDATA[General]]></Data></Cell>
<Cell><Data ss:Type="String"><![CDATA[Medio]]></Data></Cell>
<Cell><Data ss:Type="String"><![CDATA[Resuelto]]></Data></Cell>
<Cell><Data ss:Type="String"><![CDATA[backstage]]></Data></Cell>
<Cell><Data ss:Type="String"><![CDATA[backstage muestra quey asdas dsakjd askj dksla jdklas]]></Data></Cell>
<Cell><Data ss:Type="String"><![CDATA[Alejandro Montenegro]]></Data></Cell>
<Cell><Data ss:Type="String"><![CDATA[00:00:35]]></Data></Cell>
<Cell><Data ss:Type="String"><![CDATA[backstage]]></Data></Cell>  
<Cell><Data ss:Type="String"><![CDATA[Call Center SAC
CAVs]]></Data></Cell>  
<Cell><Data ss:Type="String"><![CDATA[formacion]]></Data></Cell>  
<Cell><Data ss:Type="String"><![CDATA[1]]></Data></Cell>  
</Row>

  </Table>
  <WorksheetOptions xmlns="urn:schemas-microsoft-com:office:excel">
   <PageSetup>
    <Header x:Margin="0.3"/>
    <Footer x:Margin="0.3"/>
    <PageMargins x:Bottom="0.75" x:Left="0.7" x:Right="0.7" x:Top="0.75"/>
   </PageSetup>
   <Selected/>
   <Panes>
    <Pane>
     <Number>3</Number>
     <ActiveRow>4</ActiveRow>
    </Pane>
   </Panes>
   <ProtectObjects>False</ProtectObjects>
   <ProtectScenarios>False</ProtectScenarios>
  </WorksheetOptions>
 </Worksheet>
 <Worksheet ss:Name="Sheet2">
  <Table ss:ExpandedColumnCount="1" ss:ExpandedRowCount="1" x:FullColumns="1"
   x:FullRows="1" ss:DefaultRowHeight="15">
  </Table>
  <WorksheetOptions xmlns="urn:schemas-microsoft-com:office:excel">
   <PageSetup>
    <Header x:Margin="0.3"/>
    <Footer x:Margin="0.3"/>
    <PageMargins x:Bottom="0.75" x:Left="0.7" x:Right="0.7" x:Top="0.75"/>
   </PageSetup>
   <ProtectObjects>False</ProtectObjects>
   <ProtectScenarios>False</ProtectScenarios>
  </WorksheetOptions>
 </Worksheet>
 <Worksheet ss:Name="Sheet3">
  <Table ss:ExpandedColumnCount="1" ss:ExpandedRowCount="1" x:FullColumns="1"
   x:FullRows="1" ss:DefaultRowHeight="15">
  </Table>
  <WorksheetOptions xmlns="urn:schemas-microsoft-com:office:excel">
   <PageSetup>
    <Header x:Margin="0.3"/>
    <Footer x:Margin="0.3"/>
    <PageMargins x:Bottom="0.75" x:Left="0.7" x:Right="0.7" x:Top="0.75"/>
   </PageSetup>
   <ProtectObjects>False</ProtectObjects>
   <ProtectScenarios>False</ProtectScenarios>
  </WorksheetOptions>
 </Worksheet>
</Workbook>
